Arrival.2016.720p.BluRay.x264-[YTS.AG].mp4	1
Arrival.2016.720p.BluRay.x264-[YTS.AG].srt	1
WWW.YTS.AG.jpg	1
Arrival (2016) [YTS.AG]	0
DIR3D.bat	0
Inception.2010.BRRiP_5.1_720p.x264~PlutO~.mp4	2
~uTorrentPartFile_336740E9.dat	2
Inception.2010.BRRiP_5.1_720p.x264~PlutO~	0
Interstellar 2014 IMAX 1080p BRRip x264 DTS-JYK.mkv	3
Interstellar 2014 IMAX 1080p BRRip x264 DTS-JYK.srt	3
Interstellar 2014 IMAX 1080p BRRip x264 DTS-JYK	0
Manchester.By.The.Sea.2016.720p.BluRay.x264-[YTS.AG].mp4	4
Manchester.By.The.Sea.2016.720p.BluRay.x264-[YTS.AG].srt	4
WWW.YTS.AG.jpg	4
Manchester By The Sea (2016) [YTS.AG]	0
Me.and.Earl.and.the.Dying.Girl.2015.720p.BluRay.x264.YIFY.mp4	5
Me.and.Earl.and.the.Dying.Girl.2015.720p.BluRay.x264.YIFY.srt	5
WWW.YTS.TO.jpg	5
Me and Earl and the Dying Girl (2015)	0
No Tears for the Dead 2014 720p BluRay x264 Korean AAC - Ozlem.mp4	6
Ozlem.png	6
No Tears for the Dead 2014 720p BluRay x264 Korean AAC - Ozlem	0
Mark Summerfield - Rapid GUI Programming with Python and Qt.pdf	7
Programming Books	0
Quebec Original.mp4	0
Memories of Murder (2003) 720p.mkv	9
Memories of Murder (2003) 720p	8
Tell No One [2006] 720p BRRip H264 AC3 - CODY.English.srt	10
Tell No One [2006] 720p BRRip H264 AC3 - CODY.mp4	10
Tell No One [2006] 720p BRRip H264 AC3 - CODY.srt	10
Tell No One [2006] 720p BRRip H264 AC3 - CODY	8
The Handmaiden (2016) BluRay 720p x264 875MB (nItRo)-XpoZ.mkv	11
The Handmaiden (2016) BluRay 720p x264 875MB (nItRo)-XpoZ.srt	11
~uTorrentPartFile_368B01EB.dat	11
The Handmaiden (2016) BluRay 720p x264 875MB (nItRo)-XpoZ	8
The Secret In Their Eyes [2009]-720p-BRrip-x264-StyLishSaLH.mp4	12
The Secret In Their Eyes [2009]-720p-BRrip-x264-StyLishSaLH.srt	12
The Secret In Their Eyes [2009]-720p-BRrip-x264-StyLishSaLH	8
The.Reader.2008.720p.BluRay.950MB.ShAaNiG.com.mkv	8
secured	0
Sherlock.S04E02.WEBRip.x264-FUM[ettv].mp4	13
Torrent-Downloaded-from-ExtraTorrent.cc.txt	13
Sherlock.S04E02.WEBRip.x264-FUM[ettv]	0
Cooper, Susan - The Dark is Rising 01 - Over Sea, Under Stone.mobi	14
Cooper, Susan - The Dark is Rising 02 - The Dark is Rising.mobi	14
Cooper, Susan - The Dark is Rising 03 - Greenwitch.mobi	14
Cooper, Susan - The Dark is Rising 04 - The Grey King.mobi	14
Cooper, Susan - The Dark is Rising 05 - Silver on the Tree.mobi	14
Susan Cooper	0
The.Dressmaker.2015.720p.BluRay.x264-[YTS.AG].mp4	15
The.Dressmaker.2015.LIMITED.720p.BluRay.x264-GECKOS.srt	15
WWW.YTS.AG.jpg	15
The Dressmaker (2015) [YTS.AG]	0
The.Grand.Budapest.Hotel.2014.720p.BluRay.x264.YIFY.mp4	16
The Grand Budapest Hotel (2014)	0
The Pianist.jpg	17
Thumbs.db	17
times.txt	17
[500MB] The Pianist [2002] [HDRip.x264] - Salman.mkv	17
The Pianist	0
The.Secret.Life.of.Walter.Mitty.2013.720p.BluRay.x264.YIFY.mp4	18
The.Secret.Life.of.Walter.Mitty.2013.720p.BluRay.x264.YIFY.srt	18
the_secret_life_of_Walter_mitty_2013_custom-front-www.getdvdcovers.com_.jpg	18
The Secret Life of Walter Mitty [2013]	0
Underworld.EXTENDED.2003.1080p.BrRip.x264.YIFY.mp4	19
Underworld.EXTENDED.2003.1080p.BrRip.x264.YIFY.srt	19
Underworld EXTENDED (2003) [1080p]	0
V.For.Vendetta[2005]DvDrip[Eng]-aXXo.mkv	20
V.For.Vendetta[2005]DvDrip[Eng]-aXXo.srt	20
V for Vendetta	0
yolo.txt	0
Zero Dark Thirty [2012]-720p-BRrip-x264-StyLishSaLH (StyLish Release).mp4	21
Zero Dark Thirty [2012]-720p-BRrip-x264-StyLishSaLH (StyLish Release).srt	21
Zero Dark Thirty [2012]	0
[ZippyMovieZ.CH] Oppam (2016) Malayalam.mkv	0
