500.Days.of.Summer.2009.720p.Bluray.x264.anoXmous.mp4	701
500.Days.of.Summer.2009.720p.Bluray.x264.anoXmous.srt	701
InFO.txt	701
~uTorrentPartFile_2808AB18.dat	701
500.Days.of.Summer.2009.720p.Bluray.x264.anoXmous	700
60 runs in one ball ! only Rajni-can !.mp4	702
Husband Forgot Wife's Birthday But Mom Saved - Cute Commercials.mp4	702
Men will be Men Imperial Blue New Funny Ad.mp4	702
Men will be Men Imperial Blue Pretty Girl Funny Ad 2014 India.mp4	702
OneRepublic - Counting Stars.mp4	702
Slurp - Nazraana Jewellery TV Ad.mp4	702
VERO MODA MARQUEE TVC.mp4	702
Video	702
Ads	700
Deepwater.Horizon.2016.720p.BluRay.x264-[YTS.AG].mp4	704
Deepwater.Horizon.2016.BRRip.XViD-ETRG + EVO.srt	704
deepwaterhorizon2016720pblurayx264ytsag-english-102007.zip	704
WWW.YTS.AG.jpg	704
Deepwater Horizon (2016) [YTS.AG]	700
Devdas.2002.Hindi.DVDrip.Xvid-DS-CD01.avi	705
Devdas.2002.Hindi.DVDrip.Xvid-DS-CD02.avi	705
Devadas	700
Inferno.2016.720p.BluRay.x264-[YTS.AG].mp4	706
WWW.YTS.AG.jpg	706
Inferno (2016) [YTS.AG]	700
[ZippyMovieZ.DE] Jacobinte Swargarajyam (2016) Malayalam DVDRip - 1GB - x264 - AAC - Esub - Chaps - DrC Release.mkv	707
~uTorrentPartFile_402EDB13.dat	707
Jacobinte Swargarajyam (2016)	700
doc.pdf	708
jibin.docx	708
jibin_05-Feb-15_05-43-51 (1).pdf	708
jibin_05-Feb-15_05-43-51 (2).pdf	708
jibin_05-Feb-15_05-43-51.pdf	708
Jibin	700
Psycho.1960.720p.BrRip.x264.YIFY.mp4	710
Psycho.1960.720p.BrRip.x264.YIFY.srt	710
WWW.YIFY-TORRENTS.COM.jpg	710
Psycho (1960)	709
Movies	700
punjabihouse.AVI	711
Punjabihouse	700
Spring, Summer, Fall, Winter... and Spring (2003) 720p BRrip.sujaidr (pimprg).mkv	712
Spring, Summer, Fall, Winter... and Spring (2003) 720p BRrip.sujaidr (pimprg).srt	712
~uTorrentPartFile_381E1913.dat	712
Spring, Summer, Fall, Winter... and Spring (2003) 720p BRrip.sujaidr (pimprg)	700
the-age-of-adaline-english-yify-57921.zip	713
The.Age.of.Adaline.2015.720p.BluRay.x264.YIFY.mp4	713
The.Age.of.Adaline.2015.720p.BluRay.x264.YIFY.srt	713
WWW.YTS.TO.jpg	713
The Age of Adaline (2015)	700
The Croods.mp4	700
The.Lookout.2007.BRRip.XvidHD.720p-NPW-muxed.mkv	714
The.Lookout.2007.BRRip.XvidHD.720p-NPW-muxed.srt	714
~uTorrentPartFile_1F2D41BE.dat	714
The Lookout (2007)	700
The.Disappearance.of.Alice.Creed.2009.720p.BluRay.H264.AAC-RARBG.mp4	700
The.Disappearance.of.Alice.Creed.2009.720p.BluRay.H264.AAC-RARBG.srt	700
tot.txt	700
toto.txt	700
ayal kdha ezhuthukayanu.mp4	716
Ravanaprabhu Malayalam Movie  Malayalam Full Movie  Mohanlal, Revathi.mp4	716
M1	715
3 Idiots (2009) Hindi Movie 450MB x264 BRRip 420P ESubs {DAKU RG} {GreatPalash}.mkv	717
Spectre.2015.720p.BluRay.x265.ShAaNiG.mkv	717
M2	715
Trials	700
USS.Indianapolis.Men.Of.Courage.2016.720p.BluRay.x264-[YTS.AG].mp4	718
WWW.YTS.AG.jpg	718
USS Indianapolis Men Of Courage (2016) [YTS.AG]	700
Warcraft.2016.720p.BluRay.x264-[YTS.AG].mp4	719
WWW.YTS.AG.jpg	719
Warcraft (2016) [YTS.AG]	700
